,source,target
0,0,431
1,0,432
2,0,429
3,0,82
4,0,433
5,0,352
6,0,420
7,0,94
8,0,36
9,0,1
10,0,417
11,0,39
12,0,186
13,0,3
14,0,434
15,0,6
16,1,62
17,1,119
18,1,59
19,1,120
20,1,118
21,1,117
22,1,116
23,1,435
24,1,115
25,1,113
26,1,114
27,1,112
28,1,111
29,1,8
30,1,110
31,1,109
32,1,108
33,1,436
34,1,107
35,1,123
36,1,106
37,1,105
38,1,437
39,1,104
40,1,103
41,1,101
42,1,102
43,1,438
44,1,439
45,1,440
46,1,100
47,1,99
48,1,97
49,1,441
50,1,96
51,1,98
52,1,442
53,1,95
54,1,93
55,1,92
56,1,443
57,1,91
58,1,36
59,1,94
60,1,444
61,1,127
62,1,89
63,1,90
64,1,88
65,1,10
66,1,44
67,1,85
68,1,34
69,1,86
70,1,82
71,1,445
72,1,83
73,1,80
74,1,81
75,1,79
76,1,78
77,1,77
78,1,76
79,1,446
80,1,75
81,1,74
82,1,73
83,1,66
84,1,7
85,1,4
86,2,129
87,2,447
88,2,128
89,2,122
90,2,49
91,2,448
92,2,67
93,2,1
94,2,64
95,2,449
96,2,63
97,2,79
98,2,58
99,2,60
100,2,450
101,2,5
102,3,437
103,3,57
104,3,56
105,3,54
106,3,55
107,3,59
108,3,53
109,3,1
110,3,451
111,3,4
112,3,8
113,4,452
114,4,51
115,4,52
116,4,50
117,4,453
118,5,2
119,5,49
120,5,10
121,6,454
122,6,1
123,6,48
124,6,3
125,6,34
126,6,47
127,6,43
128,6,44
129,6,45
130,6,46
131,6,41
132,6,39
133,6,38
134,6,42
135,6,40
136,6,10
137,6,37
138,6,36
139,6,33
140,6,31
141,6,455
142,6,35
143,6,32
144,6,456
145,6,30
146,6,27
147,6,29
148,6,28
149,6,26
150,6,25
151,6,24
152,6,23
153,6,457
154,6,22
155,6,458
156,6,21
157,6,12
158,6,9
159,7,19
160,7,20
161,7,18
162,7,16
163,7,17
164,7,15
165,7,459
166,7,11
167,7,13
168,7,14
169,8,382
170,8,390
171,8,383
172,8,10
173,8,379
174,8,381
175,8,388
176,8,380
177,8,460
178,8,377
179,8,1
180,8,378
181,8,376
182,8,4
183,9,461
184,9,416
185,9,119
186,9,462
187,9,396
188,10,194
189,10,190
190,10,248
191,10,249
192,10,5
193,10,247
194,10,246
195,10,243
196,10,245
197,10,34
198,10,1
199,10,241
200,10,79
201,11,463
202,11,464
203,11,465
204,12,466
205,12,467
206,12,468
207,12,469
208,12,470
209,12,471
210,12,472
211,12,473
212,12,474
213,12,475
214,12,476
215,12,1
216,12,3
217,12,477
218,12,4
219,12,478
220,13,479
221,13,480
222,14,481
223,14,482
224,14,330
225,14,483
226,14,484
227,14,485
228,14,486
229,14,487
230,15,488
231,15,489
232,15,490
233,15,20
234,15,491
235,15,492
236,15,493
237,15,494
238,16,495
239,16,496
240,16,497
241,16,498
242,17,15
243,17,492
244,17,489
245,17,493
246,17,20
247,17,499
248,18,500
249,18,501
250,18,19
251,19,502
252,19,503
253,19,18
254,20,490
255,20,504
256,20,505
257,20,499
258,20,506
259,20,507
260,20,508
261,20,509
262,20,510
263,20,511
264,21,512
265,21,513
266,21,126
267,21,514
268,21,24
269,21,1
270,21,80
271,22,515
272,22,516
273,22,517
274,22,518
275,22,519
276,22,334
277,22,520
278,23,80
279,24,521
280,24,522
281,25,523
282,25,524
283,25,525
284,25,352
285,25,526
286,25,527
287,25,528
288,25,6
289,25,241
290,25,421
291,26,529
292,26,530
293,26,531
294,26,532
295,26,533
296,26,534
297,26,535
298,26,536
299,26,537
300,26,538
301,26,539
302,26,540
303,26,541
304,27,542
305,27,242
306,27,543
307,27,544
308,27,545
309,27,35
310,27,334
311,28,546
312,28,547
313,28,548
314,28,549
315,28,550
316,28,551
317,28,552
318,28,553
319,28,554
320,28,555
321,28,54
322,28,556
323,28,557
324,28,9
325,28,397
326,28,558
327,29,179
328,29,180
329,29,182
330,29,455
331,29,178
332,29,559
333,29,177
334,30,80
335,31,560
336,31,561
337,32,562
338,32,563
339,32,564
340,32,565
341,32,566
342,32,567
343,32,568
344,32,569
345,32,570
346,32,571
347,32,572
348,32,573
349,32,574
350,32,575
351,32,576
352,32,577
353,32,578
354,32,579
355,32,580
356,32,581
357,32,582
358,32,583
359,32,536
360,33,195
361,33,47
362,33,34
363,33,31
364,33,39
365,33,161
366,33,43
367,34,220
368,34,217
369,34,219
370,34,214
371,34,213
372,34,216
373,34,445
374,34,188
375,34,187
376,34,83
377,34,215
378,34,80
379,34,212
380,34,211
381,34,171
382,34,210
383,34,94
384,34,170
385,34,39
386,34,584
387,34,208
388,34,585
389,34,79
390,34,207
391,35,334
392,35,27
393,36,586
394,36,280
395,36,228
396,36,34
397,36,44
398,37,587
399,37,83
400,37,80
401,37,186
402,37,588
403,37,344
404,38,589
405,38,590
406,38,591
407,38,592
408,38,593
409,38,594
410,38,595
411,38,596
412,38,597
413,38,598
414,38,599
415,38,600
416,38,601
417,38,602
418,38,603
419,38,604
420,38,605
421,38,606
422,38,607
423,38,608
424,38,609
425,38,610
426,38,611
427,38,612
428,38,613
429,38,614
430,38,615
431,38,616
432,38,617
433,38,618
434,38,619
435,38,620
436,38,3
437,38,621
438,38,622
439,39,47
440,39,623
441,39,419
442,39,624
443,39,625
444,39,80
445,39,161
446,39,121
447,39,67
448,39,94
449,39,64
450,39,626
451,39,418
452,40,425
453,40,446
454,40,627
455,40,628
456,40,629
457,40,630
458,40,631
459,40,399
460,40,632
461,40,633
462,40,634
463,40,247
464,40,635
465,40,636
466,40,637
467,40,638
468,40,639
469,40,640
470,40,641
471,40,642
472,40,643
473,40,644
474,40,645
475,41,646
476,41,647
477,41,648
478,41,649
479,41,650
480,41,651
481,41,652
482,41,653
483,41,654
484,41,655
485,42,656
486,42,657
487,42,658
488,42,659
489,42,660
490,42,661
491,42,182
492,42,662
493,42,663
494,42,664
495,42,665
496,42,666
497,42,667
498,43,668
499,43,195
500,43,669
501,43,30
502,43,34
503,43,670
504,43,671
505,43,228
506,43,637
507,44,47
508,44,91
509,44,85
510,44,253
511,45,672
512,45,673
513,45,154
514,45,674
515,45,675
516,45,676
517,45,677
518,45,678
519,45,679
520,45,680
521,45,681
522,45,682
523,45,683
524,45,684
525,45,685
526,46,686
527,46,437
528,46,687
529,46,34
530,46,688
531,46,689
532,47,89
533,47,85
534,47,690
535,47,33
536,47,43
537,47,30
538,47,285
539,48,587
540,48,83
541,48,80
542,48,186
543,48,588
544,48,344
545,49,124
546,49,125
547,49,691
548,49,435
549,50,692
550,50,4
551,50,2
552,51,693
553,51,694
554,51,695
555,52,51
556,52,696
557,52,697
558,52,698
559,52,699
560,52,700
561,52,701
562,52,702
563,52,703
564,52,704
565,52,705
566,52,341
567,52,706
568,52,707
569,52,708
570,52,709
571,53,710
572,53,711
573,53,712
574,53,1
575,54,713
576,54,714
577,54,715
578,54,716
579,54,717
580,54,718
581,54,719
582,54,720
583,54,721
584,54,722
585,54,723
586,55,724
587,55,725
588,55,726
589,55,727
590,55,728
591,55,729
592,55,730
593,55,731
594,55,394
595,55,59
596,55,455
597,55,732
598,56,733
599,56,734
600,56,455
601,57,735
602,57,736
603,57,737
604,57,407
605,57,738
606,57,739
607,57,740
608,57,741
609,57,742
610,57,743
611,57,744
612,57,745
613,57,746
614,57,209
615,57,205
616,57,204
617,58,62
618,58,79
619,58,455
620,58,747
621,59,105
622,59,410
623,59,37
624,59,29
625,59,79
626,59,411
627,60,58
628,60,61
629,60,747
630,61,718
631,61,12
632,61,477
633,61,748
634,61,79
635,62,58
636,62,79
637,63,72
638,63,71
639,63,68
640,63,70
641,63,65
642,64,69
643,64,749
644,64,67
645,64,750
646,64,39
647,64,2
648,65,1
649,65,304
650,65,183
651,65,751
652,65,752
653,65,278
654,65,194
655,65,753
656,65,754
657,66,152
658,66,151
659,66,150
660,66,148
661,66,755
662,66,149
663,66,145
664,66,147
665,66,144
666,66,143
667,66,142
668,66,141
669,66,139
670,66,146
671,66,138
672,66,756
673,66,757
674,66,758
675,66,759
676,66,137
677,66,760
678,66,761
679,66,136
680,66,135
681,66,762
682,66,763
683,66,134
684,66,130
685,67,131
686,67,69
687,67,80
688,67,121
689,67,39
690,67,2
691,67,64
692,68,754
693,69,121
694,69,67
695,69,39
696,69,64
697,70,764
698,70,765
699,71,766
700,71,767
701,71,768
702,71,769
703,72,754
704,72,770
705,73,771
706,73,167
707,73,651
708,73,169
709,73,166
710,73,168
711,73,12
712,73,164
713,73,165
714,73,127
715,73,162
716,73,47
717,73,772
718,73,163
719,73,160
720,73,159
721,73,157
722,73,161
723,73,155
724,73,154
725,73,156
726,73,773
727,73,153
728,74,158
729,75,175
730,75,174
731,75,445
732,75,171
733,75,34
734,75,170
735,75,585
736,76,195
737,76,62
738,76,10
739,76,172
740,76,173
741,76,176
742,76,1
743,76,79
744,77,179
745,77,180
746,77,182
747,77,455
748,77,178
749,77,559
750,77,177
751,78,183
752,78,181
753,78,79
754,79,62
755,79,87
756,79,774
757,79,2
758,79,455
759,79,84
760,79,61
761,79,747
762,80,33
763,80,129
764,80,196
765,80,140
766,80,193
767,81,203
768,81,190
769,81,80
770,81,199
771,81,75
772,81,67
773,81,34
774,81,24
775,81,9
776,81,455
777,81,79
778,81,50
779,81,4
780,81,198
781,82,204
782,82,209
783,82,205
784,82,34
785,83,194
786,83,91
787,83,197
788,83,445
789,83,37
790,83,191
791,83,192
792,83,190
793,83,188
794,83,189
795,83,187
796,83,80
797,83,186
798,83,184
799,83,185
800,84,775
801,84,79
802,84,776
803,85,240
804,85,244
805,85,105
806,85,777
807,85,239
808,85,238
809,85,778
810,85,91
811,85,235
812,85,197
813,85,237
814,85,37
815,85,234
816,85,232
817,85,187
818,85,231
819,85,230
820,85,233
821,85,236
822,85,779
823,85,229
824,85,227
825,85,780
826,85,228
827,85,226
828,85,224
829,85,186
830,85,225
831,85,781
832,85,223
833,85,221
834,85,222
835,85,218
836,86,782
837,86,206
838,86,783
839,86,91
840,86,197
841,86,37
842,86,204
843,86,202
844,86,200
845,86,242
846,86,201
847,87,784
848,88,274
849,88,273
850,88,269
851,88,272
852,88,270
853,88,268
854,88,271
855,88,785
856,88,267
857,88,266
858,88,265
859,88,264
860,88,263
861,88,261
862,88,260
863,88,259
864,88,258
865,88,262
866,88,256
867,88,257
868,88,255
869,88,254
870,88,252
871,88,250
872,88,251
873,89,80
874,89,276
875,89,85
876,89,226
877,89,34
878,89,44
879,90,97
880,90,278
881,90,275
882,90,277
883,90,786
884,90,281
885,91,300
886,91,297
887,91,296
888,91,301
889,91,295
890,91,294
891,91,291
892,91,292
893,91,293
894,91,787
895,91,34
896,91,290
897,91,289
898,91,288
899,92,305
900,92,299
901,92,1
902,92,37
903,92,298
904,93,92
905,93,788
906,93,309
907,93,789
908,93,308
909,93,310
910,93,307
911,93,306
912,93,37
913,93,303
914,93,278
915,93,304
916,93,194
917,93,67
918,93,1
919,93,302
920,94,34
921,94,78
922,94,442
923,94,95
924,94,285
925,94,59
926,94,1
927,94,286
928,94,36
929,94,284
930,94,287
931,94,790
932,94,161
933,94,791
934,94,625
935,94,283
936,94,282
937,94,279
938,95,792
939,95,793
940,95,794
941,95,36
942,95,795
943,96,340
944,96,335
945,96,796
946,96,797
947,96,798
948,96,334
949,96,332
950,97,331
951,97,172
952,97,333
953,97,330
954,97,329
955,98,37
956,98,799
957,98,327
958,98,326
959,98,1
960,98,324
961,98,328
962,98,322
963,98,321
964,98,325
965,98,446
966,98,320
967,98,323
968,98,317
969,98,319
970,98,318
971,98,315
972,98,316
973,98,312
974,98,311
975,98,299
976,98,314
977,98,313
978,99,338
979,99,337
980,99,336
981,100,342
982,100,339
983,100,341
984,101,104
985,101,800
986,101,357
987,101,358
988,101,801
989,101,356
990,101,351
991,101,440
992,102,354
993,102,352
994,102,89
995,102,355
996,102,350
997,102,353
998,102,802
999,102,803
1000,102,347
1001,102,346
1002,102,349
1003,102,804
1004,102,348
1005,102,70
1006,102,747
1007,102,4
1008,102,343
1009,102,344
1010,102,345
1011,103,356
1012,103,360
1013,103,359
1014,103,104
1015,103,1
1016,103,805
1017,103,806
1018,103,362
1019,103,807
1020,104,364
1021,104,357
1022,104,367
1023,104,363
1024,104,361
1025,104,360
1026,104,79
1027,104,805
1028,105,10
1029,105,172
1030,105,365
1031,106,366
1032,106,176
1033,107,172
1034,107,374
1035,107,370
1036,108,10
1037,108,1
1038,109,372
1039,109,115
1040,110,373
1041,110,57
1042,110,117
1043,110,375
1044,110,79
1045,111,386
1046,111,384
1047,111,385
1048,111,114
1049,111,172
1050,112,387
1051,112,808
1052,112,117
1053,112,809
1054,113,1
1055,113,59
1056,114,111
1057,114,385
1058,114,97
1059,114,117
1060,114,384
1061,114,79
1062,114,810
1063,115,393
1064,115,391
1065,115,389
1066,116,811
1067,116,392
1068,116,330
1069,116,14
1070,117,112
1071,117,394
1072,117,114
1073,117,111
1074,117,79
1075,117,110
1076,118,395
1077,119,409
1078,119,407
1079,119,408
1080,119,403
1081,119,405
1082,119,402
1083,119,28
1084,119,406
1085,119,400
1086,119,404
1087,119,401
1088,119,12
1089,119,399
1090,119,812
1091,119,398
1092,119,396
1093,119,397
1094,120,62
1095,120,87
1096,120,774
1097,120,2
1098,120,455
1099,120,84
1100,120,61
1101,120,747
1102,121,161
1103,121,67
1104,121,39
1105,121,64
1106,122,132
1107,122,126
1108,122,79
1109,123,371
1110,123,368
1111,123,369
1112,124,813
1113,124,814
1114,124,815
1115,125,816
1116,125,817
1117,125,152
1118,125,818
1119,125,819
1120,125,4
1121,126,21
1122,126,352
1123,126,1
1124,126,140
1125,127,2
1126,127,133
1127,128,2
1128,128,133
1129,129,2
1130,129,820
1131,129,821
1132,129,131
1133,129,140
1134,129,47
1135,129,5
1136,130,822
1137,131,2
1138,131,133
1139,132,823
1140,132,824
1141,132,825
1142,132,826
1143,133,827
1144,133,828
1145,133,829
1146,133,830
1147,133,831
1148,133,832
1149,133,833
1150,133,834
1151,133,835
1152,133,836
1153,133,837
1154,133,838
1155,133,839
1156,133,840
1157,133,841
1158,134,66
1159,135,842
1160,135,632
1161,135,843
1162,135,844
1163,135,845
1164,135,66
1165,136,846
1166,136,847
1167,136,848
1168,136,849
1169,136,850
1170,136,851
1171,136,852
1172,136,147
1173,136,853
1174,137,854
1175,138,855
1176,139,856
1177,139,857
1178,140,47
1179,140,129
1180,140,80
1181,140,33
1182,141,858
1183,141,859
1184,142,860
1185,142,80
1186,142,861
1187,142,862
1188,142,225
1189,142,863
1190,143,763
1191,144,864
1192,144,859
1193,144,865
1194,144,866
1195,144,867
1196,144,868
1197,144,869
1198,144,870
1199,144,871
1200,144,872
1201,144,873
1202,145,66
1203,145,874
1204,146,134
1205,146,66
1206,147,875
1207,147,876
1208,147,877
1209,147,878
1210,147,879
1211,147,880
1212,147,881
1213,147,882
1214,147,883
1215,147,884
1216,148,885
1217,148,886
1218,148,887
1219,148,888
1220,148,889
1221,148,890
1222,148,891
1223,148,892
1224,148,893
1225,148,894
1226,148,895
1227,148,896
1228,148,897
1229,148,898
1230,148,899
1231,148,900
1232,148,901
1233,148,902
1234,148,903
1235,148,904
1236,148,905
1237,148,906
1238,148,907
1239,148,908
1240,149,909
1241,149,910
1242,149,911
1243,150,910
1244,150,912
1245,150,913
1246,150,911
1247,151,910
1248,151,911
1249,152,819
1250,152,914
1251,152,9
1252,153,915
1253,153,916
1254,153,917
1255,153,918
1256,153,919
1257,153,920
1258,153,921
1259,153,922
1260,153,923
1261,153,924
1262,153,925
1263,153,926
1264,153,927
1265,153,928
1266,153,929
1267,153,930
1268,153,931
1269,153,932
1270,154,673
1271,155,933
1272,155,195
1273,155,673
1274,155,934
1275,155,935
1276,155,417
1277,155,936
1278,155,154
1279,155,39
1280,155,2
1281,155,44
1282,156,937
1283,156,168
1284,156,938
1285,156,939
1286,156,940
1287,156,941
1288,156,942
1289,156,673
1290,156,943
1291,156,944
1292,156,945
1293,156,946
1294,156,947
1295,156,948
1296,156,949
1297,157,950
1298,158,951
1299,158,952
1300,158,953
1301,158,954
1302,158,955
1303,159,956
1304,159,957
1305,159,958
1306,159,959
1307,159,960
1308,159,961
1309,159,962
1310,159,963
1311,159,964
1312,159,965
1313,159,966
1314,159,967
1315,159,968
1316,160,168
1317,160,969
1318,160,941
1319,160,970
1320,160,971
1321,161,972
1322,161,973
1323,161,974
1324,161,673
1325,161,625
1326,161,975
1327,162,937
1328,162,976
1329,162,977
1330,162,978
1331,162,979
1332,162,980
1333,163,981
1334,163,982
1335,163,161
1336,163,983
1337,163,984
1338,163,985
1339,163,986
1340,164,987
1341,164,988
1342,164,989
1343,164,990
1344,164,991
1345,164,992
1346,164,993
1347,164,994
1348,164,995
1349,164,996
1350,164,997
1351,164,998
1352,164,999
1353,164,1000
1354,164,1001
1355,164,1002
1356,165,1003
1357,165,1004
1358,165,1005
1359,165,1006
1360,166,1007
1361,166,1008
1362,166,1009
1363,167,1010
1364,168,1011
1365,168,937
1366,168,972
1367,168,1012
1368,168,1013
1369,168,160
1370,168,673
1371,168,971
1372,168,45
1373,168,285
1374,168,161
1375,169,1014
1376,169,1015
1377,169,1016
1378,169,1017
1379,169,1018
1380,169,1019
1381,169,1020
1382,170,445
1383,170,295
1384,170,1021
1385,170,81
1386,171,1022
1387,171,1023
1388,171,1024
1389,171,1025
1390,171,1026
1391,171,1027
1392,171,213
1393,171,1028
1394,171,1029
1395,171,1030
1396,171,1031
1397,171,34
1398,171,1032
1399,171,585
1400,172,278
1401,172,1033
1402,172,1034
1403,172,49
1404,172,79
1405,173,305
1406,173,1035
1407,173,1036
1408,173,1037
1409,173,1038
1410,173,1039
1411,173,1040
1412,174,1041
1413,174,1042
1414,174,1043
1415,174,1044
1416,174,1045
1417,174,1046
1418,174,1047
1419,174,1048
1420,174,175
1421,174,1049
1422,174,1050
1423,174,1051
1424,174,159
1425,174,963
1426,174,75
1427,174,1052
1428,174,1053
1429,174,1054
1430,175,1055
1431,175,1056
1432,175,1057
1433,175,1058
1434,175,1059
1435,175,1044
1436,175,1060
1437,175,1061
1438,175,1062
1439,175,1063
1440,175,1064
1441,175,1065
1442,175,1066
1443,175,1067
1444,175,1049
1445,175,1050
1446,175,174
1447,175,1068
1448,175,963
1449,175,1069
1450,175,1070
1451,175,1071
1452,175,1072
1453,175,1073
1454,175,1074
1455,175,1075
1456,175,1076
1457,176,278
1458,176,1033
1459,176,1034
1460,176,49
1461,176,79
1462,177,1077
1463,177,1078
1464,178,1079
1465,178,1080
1466,179,182
1467,179,77
1468,179,178
1469,180,1081
1470,180,1082
1471,180,1083
1472,180,77
1473,180,619
1474,181,1022
1475,181,1084
1476,181,278
1477,181,91
1478,181,10
1479,181,197
1480,181,190
1481,181,445
1482,181,637
1483,181,192
1484,181,1085
1485,181,248
1486,181,188
1487,181,1086
1488,181,1087
1489,181,5
1490,181,1088
1491,181,93
1492,181,80
1493,181,184
1494,181,185
1495,181,1089
1496,182,1090
1497,182,1091
1498,182,1092
1499,182,1093
1500,182,1094
1501,182,77
1502,182,1095
1503,182,178
1504,182,1096
1505,183,1097
1506,183,310
1507,183,304
1508,183,90
1509,183,93
1510,183,228
1511,183,303
1512,183,278
1513,184,1022
1514,184,194
1515,184,190
1516,184,1087
1517,184,83
1518,184,1098
1519,185,243
1520,185,194
1521,185,1099
1522,185,1100
1523,185,187
1524,185,83
1525,185,192
1526,185,1101
1527,185,67
1528,185,1102
1529,185,1103
1530,185,1104
1531,185,1105
1532,185,1106
1533,185,1107
1534,185,1108
1535,185,1109
1536,186,416
1537,186,91
1538,186,300
1539,186,301
1540,186,188
1541,186,291
1542,186,1110
1543,186,414
1544,186,787
1545,186,415
1546,186,290
1547,186,348
1548,186,413
1549,186,412
1550,186,289
1551,186,288
1552,187,194
1553,187,91
1554,187,197
1555,187,37
1556,187,190
1557,187,192
1558,187,1085
1559,187,1111
1560,187,83
1561,187,80
1562,187,85
1563,187,186
1564,188,1112
1565,188,1113
1566,188,1084
1567,188,91
1568,188,1114
1569,188,10
1570,188,190
1571,188,248
1572,188,1115
1573,188,1086
1574,188,1087
1575,188,243
1576,188,83
1577,188,1116
1578,189,10
1579,189,192
1580,189,1099
1581,189,187
1582,190,416
1583,190,1117
1584,190,10
1585,190,197
1586,190,37
1587,190,209
1588,190,248
1589,190,188
1590,190,1118
1591,190,544
1592,190,186
1593,190,241
1594,191,1119
1595,191,195
1596,191,1120
1597,191,1121
1598,191,1109
1599,191,445
1600,191,183
1601,191,1034
1602,191,370
1603,191,1122
1604,191,1118
1605,191,83
1606,191,1123
1607,191,280
1608,191,1124
1609,191,1125
1610,191,228
1611,191,36
1612,191,34
1613,191,93
1614,192,194
1615,192,1126
1616,192,91
1617,192,190
1618,192,189
1619,192,83
1620,192,85
1621,192,185
1622,193,122
1623,193,47
1624,194,1022
1625,194,1084
1626,194,278
1627,194,91
1628,194,10
1629,194,197
1630,194,190
1631,194,445
1632,194,637
1633,194,192
1634,194,1085
1635,194,248
1636,194,188
1637,194,1086
1638,194,1087
1639,194,5
1640,194,1088
1641,194,93
1642,194,80
1643,194,184
1644,194,185
1645,194,1089
1646,195,1127
1647,195,647
1648,195,1126
1649,195,637
1650,195,1034
1651,195,1103
1652,195,1128
1653,195,236
1654,195,1129
1655,195,43
1656,195,1130
1657,195,1131
1658,195,1132
1659,196,89
1660,196,85
1661,196,690
1662,196,33
1663,196,43
1664,196,30
1665,196,285
1666,197,1133
1667,197,1134
1668,197,91
1669,197,740
1670,197,1135
1671,197,1136
1672,197,1137
1673,197,1138
1674,197,1139
1675,197,1140
1676,197,1141
1677,197,186
1678,197,1142
1679,198,1143
1680,198,1144
1681,198,1145
1682,198,1146
1683,198,1147
1684,198,1148
1685,198,1149
1686,198,1150
1687,198,585
1688,198,1151
1689,198,1152
1690,199,1153
1691,199,1154
1692,199,1155
1693,199,1156
1694,199,1157
1695,199,1158
1696,200,1159
1697,200,1160
1698,200,1161
1699,200,1162
1700,200,1163
1701,201,1164
1702,201,1165
1703,201,1166
1704,201,1167
1705,201,1168
1706,201,1169
1707,201,1170
1708,201,1171
1709,201,1172
1710,201,1173
1711,201,1174
1712,201,1175
1713,201,1176
1714,201,1177
1715,201,1178
1716,201,1179
1717,201,1180
1718,201,1181
1719,201,1182
1720,202,1183
1721,202,1184
1722,203,1185
1723,203,1186
1724,203,1187
1725,203,1188
1726,203,1189
1727,203,1190
1728,204,1191
1729,204,1192
1730,204,1193
1731,204,352
1732,204,205
1733,204,81
1734,204,201
1735,205,782
1736,205,206
1737,205,783
1738,205,91
1739,205,197
1740,205,37
1741,205,204
1742,205,202
1743,205,200
1744,205,242
1745,205,201
1746,206,1194
1747,206,1195
1748,206,1196
1749,206,9
1750,207,1197
1751,207,1198
1752,207,1199
1753,207,1200
1754,207,1201
1755,207,1202
1756,207,1203
1757,207,1204
1758,207,1205
1759,207,1206
1760,207,1207
1761,207,1208
1762,207,1209
1763,207,1210
1764,208,1211
1765,208,195
1766,208,278
1767,208,1212
1768,208,220
1769,208,211
1770,208,34
1771,208,1213
1772,208,1214
1773,208,1215
1774,209,1216
1775,209,91
1776,209,197
1777,209,37
1778,209,1217
1779,209,205
1780,209,1099
1781,209,83
1782,209,186
1783,209,9
1784,210,1218
1785,210,1219
1786,210,1220
1787,210,171
1788,210,34
1789,211,1221
1790,211,1211
1791,211,1222
1792,211,1223
1793,211,1212
1794,211,1021
1795,211,1224
1796,211,1225
1797,211,1226
1798,211,1227
1799,211,1228
1800,211,1229
1801,211,1214
1802,211,1230
1803,211,1231
1804,211,1232
1805,212,1233
1806,212,217
1807,212,1234
1808,212,1235
1809,212,1236
1810,212,585
1811,212,1237
1812,213,1025
1813,213,1238
1814,213,1239
1815,213,171
1816,213,1240
1817,213,1241
1818,213,1242
1819,214,1211
1820,214,1243
1821,215,1201
1822,215,1244
1823,216,1245
1824,216,1246
1825,216,1247
1826,217,1248
1827,217,1249
1828,217,1250
1829,218,85
1830,218,718
1831,218,1251
1832,218,233
1833,218,1252
1834,218,1253
1835,218,1254
1836,218,1255
1837,219,336
1838,219,1256
1839,220,1211
1840,220,170
1841,220,211
1842,220,1212
1843,220,1257
1844,220,208
1845,220,34
1846,221,1258
1847,221,1259
1848,221,1260
1849,221,1261
1850,221,1262
1851,221,1263
1852,221,1264
1853,221,1265
1854,222,1266
1855,222,1267
1856,222,1268
1857,223,89
1858,223,1269
1859,223,80
1860,223,221
1861,224,80
1862,224,1270
1863,224,1271
1864,225,194
1865,225,190
1866,225,80
1867,225,85
1868,225,1085
1869,226,89
1870,226,85
1871,227,89
1872,227,226
1873,227,34
1874,227,44
1875,227,1272
1876,228,195
1877,228,1273
1878,228,1274
1879,228,234
1880,228,1034
1881,228,370
1882,228,1275
1883,228,85
1884,228,1124
1885,228,34
1886,229,1276
1887,229,1277
1888,230,1278
1889,230,80
1890,230,225
1891,230,1
1892,231,90
1893,231,244
1894,231,239
1895,231,1279
1896,231,218
1897,231,1280
1898,231,1281
1899,231,1282
1900,231,1283
1901,231,1284
1902,231,1285
1903,231,1286
1904,231,1287
1905,231,225
1906,231,312
1907,231,1288
1908,232,1289
1909,233,1290
1910,233,1291
1911,234,194
1912,234,1126
1913,234,91
1914,234,190
1915,234,189
1916,234,83
1917,234,85
1918,234,185
1919,235,33
1920,235,129
1921,235,196
1922,235,140
1923,235,193
1924,236,195
1925,236,1126
1926,236,191
1927,236,1103
1928,236,80
1929,236,1124
1930,236,228
1931,236,30
1932,236,1131
1933,236,1128
1934,236,43
1935,236,1292
1936,236,1293
1937,236,23
1938,236,192
1939,237,85
1940,238,80
1941,239,244
1942,239,1294
1943,239,218
1944,239,1280
1945,239,1281
1946,239,1282
1947,239,231
1948,239,1284
1949,239,80
1950,239,1285
1951,239,1286
1952,239,1287
1953,239,1295
1954,239,312
1955,239,1288
1956,240,1296
1957,240,1297
1958,240,1298
1959,241,1299
1960,241,1300
1961,241,1301
1962,241,740
1963,241,1302
1964,241,1303
1965,241,1304
1966,241,1305
1967,241,1306
1968,241,1307
1969,241,1308
1970,241,1309
1971,241,528
1972,241,25
1973,241,1
1974,241,1310
1975,241,421
1976,241,1311
1977,242,1312
1978,242,1313
1979,242,1314
1980,242,1315
1981,242,1316
1982,242,545
1983,242,27
1984,242,543
1985,242,544
1986,242,1317
1987,242,1318
1988,242,1319
1989,243,1320
1990,243,194
1991,243,1321
1992,243,1322
1993,243,192
1994,243,1111
1995,243,188
1996,243,1086
1997,243,83
1998,243,1323
1999,243,80
2000,243,184
2001,244,1324
2002,244,80
2003,244,1325
2004,244,1286
2005,244,238
2006,244,239
2007,244,1326
2008,244,1284
2009,244,1281
2010,244,312
2011,244,231
2012,244,218
2013,244,1285
2014,244,1288
2015,244,1280
2016,244,1282
2017,245,1327
2018,245,1328
2019,246,436
2020,246,10
2021,247,305
2022,247,1329
2023,247,587
2024,247,1330
2025,247,383
2026,247,1331
2027,247,1332
2028,247,1333
2029,247,380
2030,247,1334
2031,247,1335
2032,247,1336
2033,247,1337
2034,247,1338
2035,247,1339
2036,248,305
2037,248,1022
2038,248,1023
2039,248,1340
2040,248,1341
2041,248,1342
2042,248,171
2043,248,184
2044,248,1089
2045,249,194
2046,249,10
2047,249,1343
2048,249,190
2049,249,5
2050,249,247
2051,249,241
2052,250,1344
2053,250,1345
2054,250,1346
2055,250,1347
2056,250,1348
2057,250,1349
2058,251,1350
2059,251,1351
2060,251,1352
2061,251,1353
2062,252,1354
2063,252,1355
2064,252,1356
2065,252,1357
2066,253,89
2067,254,1358
2068,254,1359
2069,254,1360
2070,254,1361
2071,254,1362
2072,255,1363
2073,255,1364
2074,255,1365
2075,255,1366
2076,255,1367
2077,255,1368
2078,255,1369
2079,255,1370
2080,255,1371
2081,256,1372
2082,256,258
2083,256,1373
2084,256,643
2085,256,1374
2086,256,1375
2087,256,1376
2088,256,1377
2089,256,1378
2090,256,1379
2091,256,1380
2092,256,1381
2093,256,1382
2094,257,1383
2095,257,1384
2096,257,1385
2097,257,1386
2098,257,1387
2099,257,1388
2100,257,1389
2101,257,1390
2102,257,1391
2103,258,1392
2104,258,1393
2105,258,1394
2106,258,1395
2107,259,1396
2108,259,1397
2109,259,1398
2110,259,258
2111,259,262
2112,259,1399
2113,259,254
2114,259,1400
2115,259,1401
2116,259,256
2117,260,1402
2118,260,1403
2119,260,516
2120,260,1404
2121,260,1405
2122,260,1406
2123,260,1407
2124,260,1408
2125,260,1409
2126,260,1410
2127,260,1411
2128,260,1412
2129,260,1413
2130,260,1414
2131,260,1415
2132,261,1416
2133,261,1417
2134,262,1383
2135,262,1418
2136,262,1419
2137,262,1420
2138,262,1421
2139,262,1422
2140,262,1423
2141,262,1424
2142,262,1425
2143,262,1426
2144,262,1427
2145,262,1428
2146,262,1429
2147,263,1430
2148,263,1431
2149,263,1432
2150,263,1433
2151,263,1434
2152,263,1435
2153,263,1436
2154,263,1437
2155,263,1438
2156,264,1430
2157,264,1431
2158,264,1432
2159,264,1433
2160,264,1434
2161,264,1435
2162,264,1436
2163,264,1437
2164,264,1438
2165,265,1439
2166,265,1440
2167,266,271
2168,266,273
2169,267,1441
2170,267,1442
2171,267,1443
2172,267,1444
2173,267,1445
2174,267,1446
2175,267,1447
2176,267,1448
2177,267,1449
2178,267,1450
2179,268,1451
2180,268,1452
2181,268,1453
2182,268,1454
2183,268,1455
2184,268,1456
2185,268,1457
2186,268,270
2187,268,273
2188,268,1458
2189,268,1459
2190,268,1460
2191,268,1461
2192,268,1462
2193,269,1463
2194,269,1464
2195,269,1465
2196,269,1466
2197,269,1467
2198,269,1468
2199,269,1469
2200,269,1470
2201,269,1471
2202,269,1472
2203,269,1473
2204,269,1474
2205,269,1152
2206,270,1475
2207,270,1476
2208,270,1477
2209,270,1478
2210,270,1479
2211,270,1480
2212,270,1481
2213,270,1482
2214,270,1483
2215,270,1484
2216,270,1485
2217,270,1486
2218,270,1487
2219,270,1488
2220,270,1489
2221,270,1490
2222,270,1491
2223,270,1492
2224,270,1493
2225,270,1494
2226,270,1495
2227,270,268
2228,271,1496
2229,271,1497
2230,271,274
2231,271,270
2232,271,266
2233,271,1498
2234,271,1499
2235,271,1500
2236,271,1501
2237,271,1502
2238,271,1488
2239,271,1487
2240,272,1503
2241,272,1504
2242,272,1505
2243,272,1506
2244,272,1507
2245,272,1508
2246,272,1509
2247,272,1510
2248,272,1511
2249,272,1512
2250,272,1513
2251,272,1514
2252,272,1515
2253,272,1516
2254,272,1517
2255,272,1518
2256,272,1467
2257,272,1519
2258,272,1520
2259,272,1521
2260,272,1522
2261,272,1523
2262,272,1524
2263,272,1525
2264,273,1526
2265,273,1527
2266,273,1528
2267,273,1529
2268,273,1530
2269,273,1505
2270,273,1531
2271,273,1532
2272,273,1533
2273,273,1534
2274,273,1535
2275,273,1536
2276,273,266
2277,273,1537
2278,273,1538
2279,273,1152
2280,274,1539
2281,274,1540
2282,274,1541
2283,274,1535
2284,274,1542
2285,274,1543
2286,274,1544
2287,274,1545
2288,274,1546
2289,274,1547
2290,274,1548
2291,275,1549
2292,275,1278
2293,275,1550
2294,275,85
2295,275,1551
2296,275,1552
2297,276,1553
2298,276,1554
2299,276,1555
2300,276,1556
2301,276,1557
2302,277,1558
2303,277,1559
2304,277,1560
2305,277,1561
2306,277,736
2307,278,92
2308,278,194
2309,278,1562
2310,278,445
2311,278,637
2312,278,1563
2313,278,1122
2314,278,1564
2315,278,1034
2316,278,1565
2317,278,1323
2318,278,1566
2319,278,80
2320,278,171
2321,278,36
2322,278,224
2323,279,1567
2324,279,1568
2325,279,1569
2326,279,504
2327,279,1570
2328,279,1571
2329,279,1572
2330,279,1573
2331,279,1249
2332,279,1574
2333,280,586
2334,280,36
2335,280,37
2336,280,83
2337,281,90
2338,281,637
2339,281,1034
2340,281,625
2341,282,1575
2342,282,1576
2343,282,1577
2344,282,1578
2345,282,1579
2346,282,1580
2347,282,1581
2348,282,1582
2349,282,1583
2350,282,1584
2351,282,1585
2352,282,1586
2353,282,1587
2354,282,1588
2355,283,1589
2356,284,1590
2357,284,1591
2358,284,1592
2359,284,1593
2360,284,1594
2361,284,1595
2362,284,1596
2363,284,1597
2364,284,1598
2365,284,1599
2366,284,1600
2367,284,1601
2368,284,1602
2369,284,287
2370,284,1603
2371,284,1604
2372,284,1605
2373,284,1606
2374,284,1607
2375,284,1608
2376,284,1609
2377,284,1610
2378,284,94
2379,284,1611
2380,285,437
2381,285,1612
2382,285,1613
2383,285,654
2384,285,1614
2385,285,1615
2386,285,1616
2387,285,1617
2388,285,1618
2389,285,1619
2390,286,94
2391,286,1620
2392,287,1621
2393,287,1622
2394,287,1590
2395,287,1623
2396,287,1593
2397,287,1624
2398,287,1595
2399,287,284
2400,287,1597
2401,287,1625
2402,287,1626
2403,287,1627
2404,287,1177
2405,287,94
2406,287,1628
2407,287,1629
2408,287,1630
2409,288,91
2410,288,1631
2411,289,1256
2412,290,1632
2413,290,1633
2414,290,197
2415,290,1634
2416,290,1635
2417,291,1636
2418,291,364
2419,291,91
2420,291,1637
2421,291,1638
2422,291,1639
2423,291,34
2424,291,1640
2425,291,75
2426,292,1641
2427,292,1642
2428,292,91
2429,292,1643
2430,293,186
2431,293,1644
2432,293,91
2433,293,1645
2434,293,1646
2435,293,671
2436,293,96
2437,293,442
2438,294,1112
2439,294,1113
2440,294,1084
2441,294,91
2442,294,1114
2443,294,10
2444,294,190
2445,294,248
2446,294,1115
2447,294,1086
2448,294,1087
2449,294,243
2450,294,83
2451,294,1116
2452,295,1647
2453,295,300
2454,295,301
2455,295,291
2456,295,293
2457,295,34
2458,295,290
2459,295,288
2460,295,753
2461,296,1648
2462,296,1649
2463,296,1650
2464,296,1651
2465,296,1652
2466,296,1653
2467,296,1654
2468,296,1655
2469,296,1656
2470,296,1657
2471,296,1658
2472,296,1635
2473,296,1659
2474,296,1660
2475,296,1661
2476,296,1662
2477,297,1663
2478,297,1664
2479,297,1665
2480,297,1666
2481,298,383
2482,298,1667
2483,298,1668
2484,298,1669
2485,298,1670
2486,298,79
2487,299,90
2488,299,1671
2489,299,309
2490,299,310
2491,299,93
2492,299,1672
2493,299,1673
2494,299,1278
2495,300,442
2496,300,1674
2497,300,1675
2498,300,1676
2499,300,1256
2500,300,1677
2501,301,1678
2502,302,1679
2503,302,337
2504,302,442
2505,302,1680
2506,302,93
2507,303,172
2508,303,1681
2509,303,1682
2510,303,183
2511,303,370
2512,303,1334
2513,303,1683
2514,303,1684
2515,303,861
2516,303,1685
2517,303,1686
2518,304,90
2519,304,1671
2520,304,309
2521,304,310
2522,304,93
2523,304,1672
2524,304,1673
2525,304,1278
2526,305,1687
2527,305,933
2528,305,1688
2529,305,1022
2530,305,1689
2531,305,1690
2532,305,1691
2533,305,1692
2534,305,1027
2535,305,1340
2536,305,173
2537,305,1693
2538,305,1341
2539,305,1694
2540,305,171
2541,305,1123
2542,305,1695
2543,306,93
2544,306,83
2545,307,1696
2546,307,1279
2547,307,1282
2548,307,80
2549,308,1679
2550,308,1697
2551,308,1698
2552,308,1671
2553,308,1699
2554,308,1700
2555,309,1701
2556,309,1702
2557,309,1703
2558,309,311
2559,309,1704
2560,309,788
2561,309,1705
2562,309,1706
2563,309,1707
2564,309,374
2565,309,338
2566,310,788
2567,310,522
2568,310,1708
2569,310,323
2570,310,799
2571,310,1709
2572,311,788
2573,311,522
2574,311,1704
2575,311,1710
2576,311,1711
2577,311,1701
2578,311,1712
2579,312,1281
2580,312,1713
2581,312,1714
2582,313,98
2583,314,1715
2584,314,1
2585,314,326
2586,314,98
2587,314,1716
2588,314,1717
2589,315,1718
2590,315,1719
2591,315,1720
2592,315,1721
2593,315,1722
2594,315,1723
2595,316,336
2596,316,318
2597,316,315
2598,316,1724
2599,316,1725
2600,316,98
2601,316,1726
2602,317,1727
2603,317,1728
2604,317,1729
2605,317,1280
2606,317,1730
2607,317,1281
2608,317,1731
2609,317,1732
2610,317,1733
2611,317,946
2612,317,780
2613,317,1734
2614,317,670
2615,317,9
2616,317,1735
2617,317,1736
2618,317,312
2619,317,1737
2620,318,315
2621,318,1719
2622,318,1738
2623,318,1739
2624,318,1740
2625,319,1741
2626,319,336
2627,319,1723
2628,319,1713
2629,319,1742
2630,319,337
2631,319,1743
2632,320,1744
2633,320,1745
2634,320,311
2635,320,1746
2636,320,1747
2637,320,1748
2638,320,1749
2639,320,1750
2640,320,1751
2641,320,1752
2642,320,1753
2643,320,1754
2644,321,1153
2645,321,1154
2646,321,1155
2647,321,1156
2648,321,1157
2649,321,1158
2650,322,1755
2651,322,1756
2652,322,1757
2653,322,1758
2654,323,1712
2655,324,1759
2656,324,1760
2657,324,1761
2658,324,1762
2659,324,1763
2660,324,1764
2661,324,98
2662,324,1765
2663,325,1766
2664,325,98
2665,325,1767
2666,326,1768
2667,326,219
2668,326,350
2669,326,353
2670,326,1769
2671,326,1770
2672,326,1256
2673,326,1640
2674,326,337
2675,326,1771
2676,327,1772
2677,328,98
2678,329,1620
2679,329,1773
2680,329,1774
2681,330,97
2682,330,49
2683,330,1775
2684,330,1776
2685,330,14
2686,330,1777
2687,331,97
2688,331,1778
2689,331,1779
2690,331,1780
2691,332,1781
2692,332,1782
2693,332,289
2694,332,1674
2695,332,1639
2696,332,340
2697,333,1783
2698,333,1784
2699,333,1770
2700,333,329
2701,333,1785
2702,334,95
2703,334,1786
2704,334,1787
2705,334,27
2706,334,1788
2707,334,1789
2708,334,22
2709,335,340
2710,335,1790
2711,335,1791
2712,336,1792
2713,336,1793
2714,336,98
2715,337,1794
2716,337,219
2717,337,1795
2718,337,1746
2719,337,1796
2720,337,1797
2721,337,1798
2722,337,1711
2723,337,1700
2724,337,1799
2725,337,336
2726,337,1800
2727,337,1801
2728,337,1723
2729,337,1701
2730,337,1802
2731,337,316
2732,337,1718
2733,337,1729
2734,337,311
2735,337,1803
2736,337,1804
2737,337,1713
2738,337,1281
2739,338,1805
2740,338,1806
2741,338,1807
2742,338,366
2743,338,1808
2744,338,1809
2745,338,1810
2746,338,1811
2747,338,1703
2748,338,425
2749,338,1812
2750,339,1813
2751,340,1328
2752,340,1256
2753,341,452
2754,341,51
2755,341,52
2756,341,50
2757,341,453
2758,342,97
2759,342,1814
2760,342,1815
2761,342,1816
2762,342,1817
2763,342,96
2764,342,1673
2765,342,435
2766,342,1818
2767,343,1819
2768,343,1820
2769,343,1821
2770,343,1822
2771,344,1823
2772,344,1824
2773,344,346
2774,344,1825
2775,345,1826
2776,345,1827
2777,345,1828
2778,346,1829
2779,346,1830
2780,346,1831
2781,346,1832
2782,346,1833
2783,347,1834
2784,348,1663
2785,348,1664
2786,348,1665
2787,348,1666
2788,349,754
2789,349,1835
2790,349,1836
2791,350,1768
2792,350,219
2793,350,353
2794,350,1769
2795,350,1770
2796,350,1256
2797,350,1640
2798,350,337
2799,350,1771
2800,351,1837
2801,352,426
2802,352,428
2803,352,75
2804,352,25
2805,352,2
2806,352,78
2807,352,23
2808,352,241
2809,352,421
2810,352,1838
2811,352,79
2812,352,126
2813,353,350
2814,353,1820
2815,354,1839
2816,354,1840
2817,354,1841
2818,354,1842
2819,354,1843
2820,354,1844
2821,354,1845
2822,354,1846
2823,355,1847
2824,356,104
2825,357,364
2826,357,363
2827,357,360
2828,357,1848
2829,358,356
2830,358,360
2831,358,359
2832,358,104
2833,358,1
2834,358,805
2835,358,806
2836,358,362
2837,358,807
2838,359,104
2839,359,1849
2840,359,357
2841,359,363
2842,359,1850
2843,359,807
2844,360,104
2845,360,800
2846,360,357
2847,360,358
2848,360,801
2849,360,356
2850,360,351
2851,360,440
2852,361,170
2853,361,1022
2854,361,1851
2855,361,1852
2856,361,1853
2857,361,1854
2858,361,1855
2859,361,1856
2860,361,1857
2861,361,1858
2862,361,348
2863,361,585
2864,361,1859
2865,362,1860
2866,362,1861
2867,363,356
2868,363,360
2869,363,359
2870,363,104
2871,363,1
2872,363,805
2873,363,806
2874,363,362
2875,363,807
2876,364,91
2877,364,1790
2878,364,305
2879,364,1022
2880,364,361
2881,365,1862
2882,365,172
2883,365,486
2884,366,1806
2885,366,1863
2886,366,1864
2887,366,1865
2888,366,1808
2889,366,66
2890,367,1866
2891,367,1867
2892,367,104
2893,367,1868
2894,367,1869
2895,367,1870
2896,367,1871
2897,367,1872
2898,367,1873
2899,367,1874
2900,367,1875
2901,367,1876
2902,367,1877
2903,367,1878
2904,368,1330
2905,368,1668
2906,368,1879
2907,368,369
2908,368,1880
2909,368,123
2910,368,1881
2911,369,147
2912,369,383
2913,369,10
2914,369,629
2915,369,1
2916,369,1882
2917,370,637
2918,370,1034
2919,370,228
2920,370,1089
2921,370,107
2922,370,1883
2923,370,1884
2924,370,1885
2925,370,1886
2926,370,303
2927,371,874
2928,371,1887
2929,371,1888
2930,372,1889
2931,372,455
2932,373,1890
2933,374,37
2934,374,1891
2935,374,1892
2936,374,1
2937,375,408
2938,376,105
2939,376,410
2940,376,37
2941,376,29
2942,376,79
2943,376,411
2944,377,530
2945,377,382
2946,377,390
2947,377,10
2948,377,1331
2949,377,248
2950,377,1668
2951,377,1893
2952,377,1894
2953,377,1339
2954,377,1338
2955,377,1
2956,377,378
2957,377,8
2958,378,1895
2959,378,382
2960,378,1330
2961,378,383
2962,378,10
2963,378,1331
2964,378,379
2965,378,1335
2966,378,1338
2967,378,8
2968,379,305
2969,379,1022
2970,379,1023
2971,379,1340
2972,379,1341
2973,379,1342
2974,379,171
2975,379,184
2976,379,1089
2977,380,446
2978,380,530
2979,380,382
2980,380,390
2981,380,383
2982,380,10
2983,380,1331
2984,380,379
2985,380,1896
2986,380,1897
2987,380,1332
2988,380,1880
2989,380,388
2990,380,1898
2991,380,1335
2992,380,1899
2993,380,1338
2994,380,1
2995,380,378
2996,380,59
2997,380,4
2998,380,8
2999,381,10
3000,381,1
3001,381,455
3002,381,376
3003,381,1900
3004,382,1901
3005,382,1902
3006,382,1903
3007,382,1904
3008,382,1905
3009,382,1897
3010,382,1088
3011,382,1906
3012,382,1089
3013,383,305
3014,383,1907
3015,383,10
3016,383,248
3017,383,1668
3018,383,1908
3019,383,1332
3020,383,1037
3021,383,388
3022,383,1909
3023,383,1910
3024,384,811
3025,384,392
3026,384,330
3027,384,14
3028,385,1911
3029,385,1912
3030,385,303
3031,385,114
3032,385,111
3033,385,97
3034,385,384
3035,385,172
3036,385,1913
3037,385,460
3038,386,1914
3039,386,1915
3040,387,112
3041,387,110
3042,387,117
3043,388,1895
3044,388,305
3045,388,383
3046,388,1331
3047,388,1668
3048,388,1881
3049,388,59
3050,388,1338
3051,388,4
3052,389,245
3053,389,1916
3054,389,1917
3055,389,1918
3056,390,305
3057,390,530
3058,390,1919
3059,390,10
3060,390,1331
3061,390,248
3062,390,369
3063,390,1336
3064,390,123
3065,390,380
3066,390,1334
3067,390,1668
3068,390,1920
3069,390,1894
3070,390,1921
3071,390,1922
3072,390,8
3073,391,1923
3074,391,109
3075,391,1924
3076,392,1034
3077,392,330
3078,393,1925
3079,394,1926
3080,395,1927
3081,395,1928
3082,396,1929
3083,397,1117
3084,397,1930
3085,397,1931
3086,397,1932
3087,397,1933
3088,397,1934
3089,397,9
3090,397,1935
3091,397,1936
3092,398,1937
3093,398,1938
3094,398,397
3095,398,1939
3096,398,1940
3097,398,1941
3098,398,1942
3099,398,1943
3100,398,1944
3101,398,1945
3102,398,1946
3103,398,1947
3104,398,1948
3105,399,1949
3106,399,1950
3107,399,1951
3108,399,1952
3109,399,1953
3110,400,242
3111,400,1954
3112,400,1734
3113,401,1955
3114,401,1956
3115,401,1957
3116,401,1958
3117,401,1937
3118,401,1959
3119,401,1960
3120,401,1961
3121,401,1962
3122,401,1963
3123,401,1964
3124,401,404
3125,401,1965
3126,401,1966
3127,401,1967
3128,401,1968
3129,401,9
3130,401,398
3131,401,1969
3132,401,1970
3133,402,1971
3134,402,119
3135,402,1972
3136,403,1216
3137,403,91
3138,403,197
3139,403,37
3140,403,1217
3141,403,205
3142,403,1099
3143,403,83
3144,403,186
3145,403,9
3146,404,1973
3147,404,462
3148,404,1974
3149,404,126
3150,404,1975
3151,404,1976
3152,404,1977
3153,404,1978
3154,404,514
3155,404,1979
3156,404,1935
3157,404,1980
3158,404,1981
3159,404,1982
3160,404,1983
3161,404,9
3162,404,1984
3163,404,1985
3164,404,1986
3165,404,1987
3166,404,1988
3167,404,1989
3168,404,1990
3169,404,1991
3170,404,1992
3171,404,1993
3172,404,1994
3173,404,1995
3174,404,1996
3175,404,1997
3176,404,512
3177,404,843
3178,404,1998
3179,404,1999
3180,404,1266
3181,405,2000
3182,405,2001
3183,405,2002
3184,405,9
3185,406,405
3186,406,2003
3187,406,1316
3188,406,81
3189,406,2004
3190,406,1315
3191,407,2005
3192,407,2006
3193,407,1163
3194,408,2007
3195,408,2008
3196,408,28
3197,408,209
3198,408,2009
3199,408,2010
3200,408,2011
3201,409,2012
3202,409,9
3203,409,2013
3204,410,2014
3205,410,2015
3206,410,2016
3207,410,2017
3208,410,716
3209,410,2018
3210,410,2019
3211,410,2020
3212,411,2021
3213,411,2022
3214,411,2023
3215,412,34
3216,412,93
3217,413,412
3218,413,186
3219,414,2024
3220,414,44
3221,414,2025
3222,415,416
3223,415,91
3224,415,186
3225,415,1639
3226,415,1110
3227,415,414
3228,415,340
3229,416,2026
3230,416,461
3231,416,2027
3232,416,2028
3233,416,2029
3234,416,1221
3235,416,2030
3236,416,1212
3237,416,170
3238,416,208
3239,417,203
3240,417,190
3241,417,80
3242,417,199
3243,417,75
3244,417,67
3245,417,34
3246,417,24
3247,417,9
3248,417,455
3249,417,79
3250,417,50
3251,417,4
3252,417,198
3253,418,285
3254,418,47
3255,418,419
3256,418,624
3257,418,625
3258,418,80
3259,418,161
3260,418,121
3261,418,67
3262,418,64
3263,419,39
3264,419,2031
3265,420,1
3266,420,2
3267,420,425
3268,420,37
3269,420,3
3270,420,424
3271,420,427
3272,420,422
3273,420,423
3274,420,44
3275,421,528
3276,421,241
3277,422,2032
3278,422,2033
3279,422,2034
3280,422,423
3281,422,424
3282,422,427
3283,422,2035
3284,422,2036
3285,422,545
3286,422,2037
3287,422,2038
3288,422,2039
3289,422,2040
3290,422,420
3291,422,2041
3292,422,2042
3293,423,2043
3294,423,2033
3295,423,2044
3296,423,2045
3297,423,2046
3298,423,2047
3299,423,2048
3300,423,2049
3301,423,2050
3302,423,2051
3303,423,2052
3304,423,2053
3305,423,2054
3306,424,2055
3307,424,2056
3308,424,2057
3309,424,2058
3310,424,919
3311,424,2059
3312,424,2060
3313,424,2061
3314,424,2062
3315,424,2063
3316,424,2064
3317,424,2065
3318,424,2066
3319,424,2067
3320,424,2068
3321,424,2069
3322,424,2070
3323,424,2071
3324,424,2072
3325,424,2073
3326,424,2074
3327,424,2075
3328,424,2076
3329,424,2077
3330,425,2078
3331,425,2079
3332,425,80
3333,425,458
3334,425,1
3335,425,2080
3336,425,70
3337,425,1162
3338,425,79
3339,425,4
3340,426,2081
3341,426,2082
3342,426,2083
3343,426,2084
3344,426,2085
3345,426,2086
3346,426,2087
3347,427,2088
3348,427,2089
3349,428,2090
3350,428,1688
3351,429,0
3352,429,430
3353,430,2091
3354,430,2092
3355,430,2093
3356,430,147
3357,430,2094
3358,430,874
3359,430,2095
